App,Jas3,Host,Sni,Subject
tor,140E0F0CAD708278ADE0984528FE8493,,www.24cnaw2fjw3pezqayqi3kmf.com,
tor,140E0F0CAD708278ADE0984528FE8493,,www.wdggytxrcaaxdhr3wxw.com,
tor,140E0F0CAD708278ADE0984528FE8493,,www.sjqcgd5shdmvgyahomv.com,
tor,140E0F0CAD708278ADE0984528FE8493,,www.xzvd.com,
tor,140E0F0CAD708278ADE0984528FE8493,,www.sjqcgd5shdmvgyahomv.com,
tor,140E0F0CAD708278ADE0984528FE8493,,www.wdggytxrcaaxdhr3wxw.com,
tor,140E0F0CAD708278ADE0984528FE8493,,www.xzvd.com,
tor,140E0F0CAD708278ADE0984528FE8493,,www.sjqcgd5shdmvgyahomv.com,
tor,140E0F0CAD708278ADE0984528FE8493,,www.wdggytxrcaaxdhr3wxw.com,
tor,140E0F0CAD708278ADE0984528FE8493,,www.xzvd.com,
tor,140E0F0CAD708278ADE0984528FE8493,,www.wdggytxrcaaxdhr3wxw.com,
tor,140E0F0CAD708278ADE0984528FE8493,,www.xzvd.com,
tor,140E0F0CAD708278ADE0984528FE8493,,www.sjqcgd5shdmvgyahomv.com,
tor,140E0F0CAD708278ADE0984528FE8493,,www.sjqcgd5shdmvgyahomv.com,
tor,140E0F0CAD708278ADE0984528FE8493,,www.wdggytxrcaaxdhr3wxw.com,
tor,140E0F0CAD708278ADE0984528FE8493,,www.xzvd.com,
tor,140E0F0CAD708278ADE0984528FE8493,,www.sjqcgd5shdmvgyahomv.com,
tor,140E0F0CAD708278ADE0984528FE8493,,www.wdggytxrcaaxdhr3wxw.com,
tor,140E0F0CAD708278ADE0984528FE8493,,www.xzvd.com,
tor,140E0F0CAD708278ADE0984528FE8493,,www.wdggytxrcaaxdhr3wxw.com,
tor,140E0F0CAD708278ADE0984528FE8493,,www.xzvd.com,
tor,140E0F0CAD708278ADE0984528FE8493,,www.xzvd.com,
tor,140E0F0CAD708278ADE0984528FE8493,,www.jbdgyb.com,
tor,140E0F0CAD708278ADE0984528FE8493,,www.xzvd.com,
tor,140E0F0CAD708278ADE0984528FE8493,,www.gkv2tuk7wxwaz4s2fc6uah.com,
tor,140E0F0CAD708278ADE0984528FE8493,,www.jbdgyb.com,
tor,140E0F0CAD708278ADE0984528FE8493,,www.xzvd.com,
tor,140E0F0CAD708278ADE0984528FE8493,,www.gkv2tuk7wxwaz4s2fc6uah.com,
tor,140E0F0CAD708278ADE0984528FE8493,,www.jbdgyb.com,
tor,140E0F0CAD708278ADE0984528FE8493,,www.zhgnnj2gwrqv.com,www.tn5mxnqflfhzbzxlttl.net
tor,140E0F0CAD708278ADE0984528FE8493,,www.gkv2tuk7wxwaz4s2fc6uah.com,
tor,140E0F0CAD708278ADE0984528FE8493,,www.xzvd.com,
tor,140E0F0CAD708278ADE0984528FE8493,,www.jbdgyb.com,
tor,140E0F0CAD708278ADE0984528FE8493,,www.yaik6sr4fysd5.com,
tor,140E0F0CAD708278ADE0984528FE8493,,www.gkv2tuk7wxwaz4s2fc6uah.com,
tor,140E0F0CAD708278ADE0984528FE8493,,www.jbdgyb.com,
tor,140E0F0CAD708278ADE0984528FE8493,,www.xzvd.com,
tor,140E0F0CAD708278ADE0984528FE8493,,www.yaik6sr4fysd5.com,
tor,140E0F0CAD708278ADE0984528FE8493,,www.xzvd.com,
tor,140E0F0CAD708278ADE0984528FE8493,,www.gkv2tuk7wxwaz4s2fc6uah.com,
tor,140E0F0CAD708278ADE0984528FE8493,,www.yaik6sr4fysd5.com,
tor,140E0F0CAD708278ADE0984528FE8493,,www.xzvd.com,
tor,140E0F0CAD708278ADE0984528FE8493,,www.gkv2tuk7wxwaz4s2fc6uah.com,
tor,140E0F0CAD708278ADE0984528FE8493,,www.gkv2tuk7wxwaz4s2fc6uah.com,
tor,140E0F0CAD708278ADE0984528FE8493,,www.yaik6sr4fysd5.com,
tor,,,,
